114.54404,30.66266,2017-12-06 18:42:00,7.3
114.54669,30.657154,2017-12-06 18:44:00,9.4
114.55035,30.650526,2017-12-06 18:46:00,10.0
114.55313,30.645376,2017-12-06 18:48:00,10.3
114.554535,30.64272,2017-12-06 18:52:00,10.4
114.560425,30.63121,2017-12-06 18:54:00,10.4
114.56269,30.625753,2017-12-06 18:56:00,10.3
114.56496,30.620384,2017-12-06 18:58:00,10.2
114.56771,30.61272,2017-12-06 19:00:00,10.0
114.56863,30.609552,2017-12-06 19:02:00,9.9
114.57091,30.603466,2017-12-06 19:04:00,9.8
114.5732,30.597446,2017-12-06 19:06:00,9.7
114.57594,30.58958,2017-12-06 19:10:00,9.7
114.57822,30.584566,2017-12-06 19:12:00,9.6
114.58107,30.57882,2017-12-06 19:14:00,9.6
114.58409,30.574026,2017-12-06 19:16:00,9.7
114.58757,30.569553,2017-12-06 19:18:00,9.6
114.59224,30.56478,2017-12-06 19:20:00,9.7
114.59993,30.559906,2017-12-06 19:24:00,10.0
114.607864,30.556774,2017-12-06 19:26:00,10.3
114.61656,30.55505,2017-12-06 19:28:00,10.6
114.62228,30.555,2017-12-06 19:30:00,10.6
114.63065,30.557716,2017-12-06 19:34:00,10.2
114.63527,30.561707,2017-12-06 19:36:00,10.1
114.63811,30.5645,2017-12-06 19:38:00,10.0
114.641304,30.56703,2017-12-06 19:40:00,9.9
114.65273,30.57243,2017-12-06 19:42:00,9.7
114.659096,30.57467,2017-12-06 19:44:00,9.8
114.66916,30.57786,2017-12-06 19:48:00,9.9
114.67757,30.58059,2017-12-06 19:50:00,9.7
114.67811,30.580744,2017-12-06 19:52:00,9.7
114.69013,30.584106,2017-12-06 19:54:00,9.9
114.70133,30.587423,2017-12-06 19:58:00,10.1
114.75319,30.608807,2017-12-06 20:16:00,6.8
114.75827,30.61016,2017-12-06 20:18:00,5.9
114.76434,30.611347,2017-12-06 20:22:00,7.7
114.79488,30.611614,2017-12-06 20:34:00,10.2
114.80777,30.609274,2017-12-06 20:36:00,10.2
114.83137,30.59654,2017-12-06 20:44:00,9.8
114.83894,30.58785,2017-12-06 20:48:00,9.8
114.84227,30.5767,2017-12-06 20:52:00,9.9
114.84096,30.57124,2017-12-06 20:54:00,9.9
114.83705,30.55954,2017-12-06 20:58:00,11.0
114.83561,30.55344,2017-12-06 21:00:00,11.2
114.83437,30.54714,2017-12-06 21:02:00,11.3
114.83332,30.54107,2017-12-06 21:04:00,10.6
114.83223,30.53536,2017-12-06 21:06:00,10.1
114.83112,30.52942,2017-12-06 21:08:00,9.9
114.82947,30.51916,2017-12-06 21:12:00,9.8
114.82856,30.51276,2017-12-06 21:14:00,9.8
114.82771,30.5073,2017-12-06 21:16:00,9.8
114.82701,30.50165,2017-12-06 21:18:00,10.2
114.82631,30.49584,2017-12-06 21:20:00,9.9
114.82899,30.438,2017-12-06 21:42:00,10.2
114.83354,30.43344,2017-12-06 21:44:00,10.1
114.83949,30.42994,2017-12-06 21:46:00,10.3
114.84545,30.42711,2017-12-06 21:48:00,10.8
114.85238,30.42414,2017-12-06 21:50:00,10.9
114.8589,30.42213,2017-12-06 21:52:00,10.6
114.86575,30.41992,2017-12-06 21:54:00,10.6
114.87208,30.41779,2017-12-06 21:56:00,10.5
114.87917,30.41578,2017-12-06 21:58:00,10.5
114.88577,30.41458,2017-12-06 22:00:00,10.6
114.89314,30.41377,2017-12-06 22:02:00,10.5
114.90041,30.41334,2017-12-06 22:04:00,10.3
114.90707,30.41298,2017-12-06 22:06:00,10.1
114.92065,30.41181,2017-12-06 22:10:00,10.1
114.92709,30.4113,2017-12-06 22:12:00,10.0
114.93396,30.41086,2017-12-06 22:16:00,9.9
114.94032,30.41038,2017-12-06 22:18:00,9.8
114.94723,30.41003,2017-12-06 22:20:00,9.9
114.95356,30.40977,2017-12-06 22:22:00,9.9
114.96697,30.40855,2017-12-06 22:26:00,10.1
114.97343,30.40744,2017-12-06 22:28:00,10.0
114.97966,30.40654,2017-12-06 22:30:00,9.7
114.98621,30.40533,2017-12-06 22:32:00,9.3
114.99196,30.40392,2017-12-06 22:34:00,9.2
114.99775,30.40281,2017-12-06 22:36:00,9.3
115.00426,30.4021,2017-12-06 22:38:00,9.4
115.01669,30.40177,2017-12-06 22:42:00,9.9
115.02916,30.39784,2017-12-06 22:46:00,9.9
115.04006,30.39234,2017-12-06 22:50:00,9.8
115.04616,30.38869,2017-12-06 22:52:00,9.8
115.05088,30.38507,2017-12-06 22:54:00,9.7
115.05509,30.38133,2017-12-06 22:56:00,9.7
115.05972,30.37679,2017-12-06 22:58:00,9.7
115.0675,30.36831,2017-12-06 23:02:00,10.0
115.07137,30.36323,2017-12-06 23:04:00,10.0
115.07749,30.35341,2017-12-06 23:08:00,9.9
115.08058,30.34794,2017-12-06 23:10:00,9.9
115.08308,30.34293,2017-12-06 23:12:00,9.9
115.08678,30.33236,2017-12-06 23:16:00,9.8
115.08801,30.3203,2017-12-06 23:22:00,9.7
115.08847,30.31536,2017-12-06 23:24:00,8.1
115.08883,30.31079,2017-12-06 23:26:00,7.0
115.089,30.307,2017-12-06 23:28:00,7.0
115.08895,30.30225,2017-12-06 23:30:00,8.5
115.0887,30.29731,2017-12-06 23:32:00,9.0
115.08694,30.29246,2017-12-06 23:34:00,9.1
115.08396,30.28737,2017-12-06 23:36:00,9.7
115.07874,30.27728,2017-12-06 23:40:00,10.1
115.07503,30.268,2017-12-06 23:44:00,10.0
115.07278,30.25897,2017-12-06 23:46:00,9.9
115.07232,30.25026,2017-12-06 23:50:00,9.8
115.07381,30.23944,2017-12-06 23:54:00,9.8
115.08588,30.22458,2017-12-07 00:00:00,10.1
115.09115,30.22052,2017-12-07 00:02:00,10.1
115.10153,30.21582,2017-12-07 00:06:00,9.9
115.12398,30.21158,2017-12-07 00:12:00,10.6
115.13506,30.21027,2017-12-07 00:16:00,10.3
115.15576,30.21424,2017-12-07 00:24:00,9.3
115.16093,30.21671,2017-12-07 00:26:00,9.1
115.17126,30.21915,2017-12-07 00:28:00,9.0
115.177,30.22021,2017-12-07 00:30:00,9.1
115.18501,30.22047,2017-12-07 00:34:00,9.3
115.19624,30.22058,2017-12-07 00:38:00,9.7
115.20378,30.21919,2017-12-07 00:40:00,9.7
115.20921,30.21674,2017-12-07 00:42:00,9.6
115.21403,30.21324,2017-12-07 00:44:00,9.8
115.21847,30.20851,2017-12-07 00:46:00,10.1
115.2259,30.19952,2017-12-07 00:50:00,10.7
115.23463,30.18948,2017-12-07 00:54:00,10.8
115.23933,30.1843,2017-12-07 00:56:00,10.7
115.24358,30.17962,2017-12-07 00:58:00,10.5
115.24868,30.17439,2017-12-07 01:00:00,10.3
115.2553,30.16684,2017-12-07 01:04:00,10.2
115.265,30.15606,2017-12-07 01:08:00,10.1
115.27354,30.14692,2017-12-07 01:12:00,9.9
115.28039,30.13928,2017-12-07 01:16:00,9.9
115.28496,30.13416,2017-12-07 01:18:00,9.9
115.28931,30.12902,2017-12-07 01:20:00,9.8
115.29691,30.12017,2017-12-07 01:24:00,9.8
115.30403,30.11122,2017-12-07 01:28:00,9.7
115.30777,30.10574,2017-12-07 01:32:00,9.7
115.31245,30.09874,2017-12-07 01:34:00,9.7
115.31843,30.08914,2017-12-07 01:38:00,9.8
115.33757,30.01512,2017-12-07 02:06:00,10.0
115.36428,29.99054,2017-12-07 02:18:00,9.5
115.36972,29.98049,2017-12-07 02:22:00,9.6
115.37296,29.97532,2017-12-07 02:26:00,9.8
115.40839,29.91438,2017-12-07 02:54:00,9.3
115.42247,29.90238,2017-12-07 03:00:00,9.2
115.43423,29.89155,2017-12-07 03:06:00,9.3
115.44253,29.88214,2017-12-07 03:10:00,9.5
115.44656,29.87765,2017-12-07 03:12:00,9.6
115.45296,29.87036,2017-12-07 03:16:00,9.8
115.45731,29.86532,2017-12-07 03:18:00,9.4
115.46124,29.85967,2017-12-07 03:20:00,9.7
115.4659,29.85552,2017-12-07 03:22:00,9.7
115.4764,29.84854,2017-12-07 03:26:00,10.2
115.48785,29.843,2017-12-07 03:30:00,10.1
115.4963,29.84133,2017-12-07 03:34:00,10.0
115.50381,29.84034,2017-12-07 03:36:00,10.1
115.5112,29.83906,2017-12-07 03:38:00,10.1
115.5182,29.83857,2017-12-07 03:40:00,10.0
115.53981,29.83747,2017-12-07 03:46:00,10.4
115.55093,29.83682,2017-12-07 03:50:00,10.5
115.56033,29.8368,2017-12-07 03:54:00,10.3
115.5674,29.83692,2017-12-07 03:56:00,10.2
115.58058,29.8371,2017-12-07 04:00:00,10.3
115.58787,29.83733,2017-12-07 04:02:00,10.5
115.6005,29.83788,2017-12-07 04:06:00,10.2
115.61348,29.8379,2017-12-07 04:10:00,10.0
115.66978,29.84781,2017-12-07 04:26:00,11.5
115.67826,29.8481,2017-12-07 04:28:00,11.2
115.6912,29.84474,2017-12-07 04:32:00,10.8
115.69828,29.8418,2017-12-07 04:34:00,10.4
115.70403,29.83897,2017-12-07 04:36:00,9.9
115.70907,29.83572,2017-12-07 04:38:00,9.6
115.71424,29.8321,2017-12-07 04:40:00,9.4
115.7233,29.82527,2017-12-07 04:44:00,9.2
115.72836,29.82218,2017-12-07 04:46:00,9.9
115.73373,29.8183,2017-12-07 04:50:00,10.3
115.73928,29.81426,2017-12-07 04:52:00,10.2
115.75041,29.80866,2017-12-07 04:56:00,9.7
115.75562,29.80568,2017-12-07 04:58:00,10.0
115.76143,29.80204,2017-12-07 05:00:00,10.3
115.77247,29.79527,2017-12-07 05:04:00,10.7
115.77851,29.79166,2017-12-07 05:06:00,10.7
115.78423,29.78865,2017-12-07 05:08:00,10.2
115.78997,29.78588,2017-12-07 05:10:00,10.1
115.80028,29.78071,2017-12-07 05:14:00,8.1
115.80443,29.77811,2017-12-07 05:16:00,6.7
115.80733,29.7756,2017-12-07 05:18:00,6.2
115.81023,29.7725,2017-12-07 05:20:00,8.1
115.81391,29.76791,2017-12-07 05:22:00,8.9
115.81754,29.76375,2017-12-07 05:24:00,8.1
115.82417,29.7574,2017-12-07 05:28:00,7.5
115.83346,29.75096,2017-12-07 05:32:00,9.8
115.83868,29.7478,2017-12-07 05:34:00,10.0
115.84429,29.74514,2017-12-07 05:36:00,10.0
115.85027,29.74277,2017-12-07 05:38:00,10.2
115.85669,29.74009,2017-12-07 05:40:00,10.2
115.86364,29.73749,2017-12-07 05:44:00,10.2
115.86988,29.73592,2017-12-07 05:46:00,10.1
115.8765,29.73407,2017-12-07 05:48:00,10.1
115.88291,29.73141,2017-12-07 05:50:00,10.1
115.89536,29.72662,2017-12-07 05:54:00,10.2
115.9016,29.72466,2017-12-07 05:56:00,10.2
115.91418,29.72239,2017-12-07 06:00:00,9.9
115.92104,29.72174,2017-12-07 06:02:00,9.9
115.93367,29.72143,2017-12-07 06:06:00,10.0
115.94063,29.72234,2017-12-07 06:08:00,10.2
115.94692,29.7239,2017-12-07 06:10:00,10.2
115.95308,29.72574,2017-12-07 06:12:00,10.2
115.95931,29.7278,2017-12-07 06:14:00,10.3
115.96529,29.72976,2017-12-07 06:16:00,9.6
115.9716,29.73183,2017-12-07 06:18:00,9.8
115.9779,29.73393,2017-12-07 06:20:00,9.4
115.98306,29.736,2017-12-07 06:22:00,8.6
115.98799,29.73814,2017-12-07 06:24:00,7.4
115.99217,29.74038,2017-12-07 06:26:00,8.8
115.99731,29.74302,2017-12-07 06:28:00,9.5
116.00349,29.74597,2017-12-07 06:30:00,10.2
116.0095,29.74828,2017-12-07 06:32:00,10.2
116.02247,29.75238,2017-12-07 06:36:00,10.2
116.02882,29.7533,2017-12-07 06:38:00,10.1
116.03513,29.75464,2017-12-07 06:40:00,10.0
116.0411,29.75655,2017-12-07 06:42:00,9.8
116.05357,29.76022,2017-12-07 06:46:00,9.7
116.05976,29.76154,2017-12-07 06:48:00,10.1
116.06668,29.76304,2017-12-07 06:52:00,10.5
116.08084,29.76418,2017-12-07 06:56:00,11.0
116.08791,29.76484,2017-12-07 06:58:00,10.8
116.09508,29.76623,2017-12-07 07:00:00,10.5
116.10146,29.76703,2017-12-07 07:02:00,10.0
116.10833,29.76791,2017-12-07 07:04:00,10.2
116.12088,29.76942,2017-12-07 07:08:00,10.1
116.13247,29.77075,2017-12-07 07:12:00,10.2
116.14006,29.77146,2017-12-07 07:14:00,10.4
116.14732,29.77198,2017-12-07 07:16:00,10.6
116.16059,29.77206,2017-12-07 07:20:00,9.8
116.16755,29.7711,2017-12-07 07:22:00,8.7
116.17936,29.76864,2017-12-07 07:26:00,8.7
116.18745,29.76663,2017-12-07 07:30:00,8.7
116.19509,29.76465,2017-12-07 07:32:00,9.0
116.21387,29.76026,2017-12-07 07:38:00,9.8
116.22941,29.76115,2017-12-07 07:44:00,9.6
116.23464,29.76533,2017-12-07 07:46:00,10.0
116.2378,29.76874,2017-12-07 07:48:00,10.3
116.24284,29.7732,2017-12-07 07:50:00,10.6
116.24751,29.77727,2017-12-07 07:52:00,10.0
116.2534,29.78115,2017-12-07 07:54:00,9.8
116.26429,29.78664,2017-12-07 07:58:00,9.8
116.27003,29.789,2017-12-07 08:00:00,9.7
116.2823,29.79387,2017-12-07 08:04:00,9.7
116.29298,29.79933,2017-12-07 08:08:00,9.6
116.29847,29.80266,2017-12-07 08:10:00,9.6
116.30325,29.80618,2017-12-07 08:12:00,9.6
116.31313,29.8119,2017-12-07 08:16:00,9.8
116.31879,29.81498,2017-12-07 08:18:00,9.8
116.32442,29.81833,2017-12-07 08:22:00,9.7
116.34146,29.82877,2017-12-07 08:28:00,10.2
116.34656,29.8321,2017-12-07 08:30:00,10.2
116.35209,29.83616,2017-12-07 08:32:00,10.2
116.35847,29.84123,2017-12-07 08:34:00,10.4
116.3689,29.84667,2017-12-07 08:38:00,10.3
116.38003,29.85204,2017-12-07 08:42:00,10.0
116.39102,29.85827,2017-12-07 08:46:00,9.7
116.39635,29.86116,2017-12-07 08:48:00,9.7
116.40327,29.86439,2017-12-07 08:52:00,9.6
116.41078,29.8683,2017-12-07 08:54:00,9.7
116.42133,29.87382,2017-12-07 08:58:00,9.6
116.42866,29.87812,2017-12-07 09:00:00,9.6
116.43513,29.88187,2017-12-07 09:02:00,9.6
116.4414,29.88587,2017-12-07 09:06:00,9.5
116.44687,29.88913,2017-12-07 09:08:00,9.6
116.45216,29.89189,2017-12-07 09:10:00,9.6
116.46247,29.89749,2017-12-07 09:14:00,9.6
116.46828,29.89998,2017-12-07 09:16:00,9.5
116.4808,29.90275,2017-12-07 09:20:00,9.5
116.4873,29.90354,2017-12-07 09:22:00,9.5
116.495,29.90474,2017-12-07 09:24:00,9.6
116.50109,29.90512,2017-12-07 09:26:00,9.8
116.50842,29.90497,2017-12-07 09:30:00,9.9
116.52233,29.90372,2017-12-07 09:34:00,10.0
116.52982,29.90355,2017-12-07 09:36:00,10.0
116.53645,29.905,2017-12-07 09:38:00,9.8
116.54198,29.90826,2017-12-07 09:40:00,9.4
116.54597,29.91269,2017-12-07 09:42:00,9.6
116.5498,29.91778,2017-12-07 09:44:00,9.7
116.55357,29.92803,2017-12-07 09:48:00,9.7
116.5554,29.93517,2017-12-07 09:50:00,9.9
116.56126,29.94395,2017-12-07 09:54:00,9.4
116.56563,29.94764,2017-12-07 09:58:00,9.3
116.57642,29.95512,2017-12-07 10:00:00,9.4
116.58198,29.95775,2017-12-07 10:02:00,9.4
116.58769,29.95982,2017-12-07 10:06:00,9.4
116.59925,29.96304,2017-12-07 10:10:00,9.8
116.60683,29.96539,2017-12-07 10:12:00,10.1
116.62571,29.97502,2017-12-07 10:18:00,10.2
116.63684,29.98136,2017-12-07 10:22:00,9.8
116.64722,29.98906,2017-12-07 10:26:00,9.4
116.65023,29.99382,2017-12-07 10:28:00,9.1
116.65098,29.99915,2017-12-07 10:32:00,9.0
116.65213,30.01047,2017-12-07 10:36:00,8.9
116.65545,30.01482,2017-12-07 10:38:00,8.8
116.65928,30.01803,2017-12-07 10:40:00,9.1
116.66969,30.0247,2017-12-07 10:44:00,9.5
116.68056,30.0306,2017-12-07 10:48:00,9.7
116.6871,30.0338,2017-12-07 10:50:00,9.9
116.69829,30.03934,2017-12-07 10:54:00,10.0
116.70478,30.04142,2017-12-07 10:56:00,10.2
116.71203,30.04334,2017-12-07 11:00:00,10.2
116.71822,30.04554,2017-12-07 11:02:00,10.0
116.72491,30.04825,2017-12-07 11:04:00,10.0
116.73051,30.05113,2017-12-07 11:06:00,9.9
116.742,30.05706,2017-12-07 11:10:00,9.8
116.75228,30.06308,2017-12-07 11:14:00,9.5
116.75788,30.06642,2017-12-07 11:16:00,9.4
116.7627,30.0699,2017-12-07 11:18:00,9.3
116.76731,30.07382,2017-12-07 11:20:00,9.3
116.7716,30.07803,2017-12-07 11:22:00,9.3
116.7793,30.08572,2017-12-07 11:26:00,9.6
116.78474,30.09043,2017-12-07 11:28:00,9.7
116.78904,30.09441,2017-12-07 11:32:00,9.7
116.79848,30.10219,2017-12-07 11:34:00,9.7
116.80937,30.10899,2017-12-07 11:38:00,9.6
116.81454,30.11192,2017-12-07 11:42:00,9.6
116.82214,30.11637,2017-12-07 11:44:00,9.5
116.82801,30.11954,2017-12-07 11:46:00,9.4
116.83662,30.12358,2017-12-07 11:50:00,9.3
116.84238,30.12728,2017-12-07 11:52:00,9.8
116.84721,30.13144,2017-12-07 11:54:00,10.1
116.85592,30.1424,2017-12-07 11:58:00,9.9
116.85747,30.14572,2017-12-07 12:00:00,9.8
116.86182,30.1578,2017-12-07 12:06:00,9.7
116.8655,30.16742,2017-12-07 12:08:00,9.1
116.87366,30.1797,2017-12-07 12:14:00,9.5
116.87933,30.18656,2017-12-07 12:16:00,9.6
116.88348,30.19181,2017-12-07 12:20:00,9.7
116.8878,30.19896,2017-12-07 12:22:00,9.8
116.8938,30.20924,2017-12-07 12:26:00,9.8
116.89745,30.21736,2017-12-07 12:30:00,9.9
116.9006,30.22668,2017-12-07 12:34:00,9.8
116.90344,30.2331,2017-12-07 12:36:00,9.8
116.90691,30.23974,2017-12-07 12:38:00,9.7
116.90967,30.24517,2017-12-07 12:40:00,9.5
116.91345,30.25183,2017-12-07 12:44:00,9.5
116.91724,30.25871,2017-12-07 12:46:00,9.4
116.92153,30.26726,2017-12-07 12:50:00,9.5
116.92772,30.27746,2017-12-07 12:54:00,9.6
116.93103,30.29556,2017-12-07 13:02:00,9.6
116.9104,30.32448,2017-12-07 13:14:00,9.8
116.90557,30.3344,2017-12-07 13:18:00,9.4
116.90036,30.34453,2017-12-07 13:22:00,9.4
116.89808,30.34947,2017-12-07 13:24:00,9.5
116.88847,30.37552,2017-12-07 13:34:00,9.8
116.88483,30.38697,2017-12-07 13:38:00,9.8
116.88309,30.39321,2017-12-07 13:40:00,9.8
116.88142,30.3991,2017-12-07 13:42:00,9.8
116.88072,30.4018,2017-12-07 13:44:00,9.7
116.87899,30.40919,2017-12-07 13:46:00,9.7
116.87737,30.42126,2017-12-07 13:50:00,9.7
116.8782,30.42703,2017-12-07 13:54:00,9.2
116.8829,30.43634,2017-12-07 13:56:00,9.1
116.88857,30.43911,2017-12-07 14:00:00,9.3
116.89446,30.44124,2017-12-07 14:02:00,9.6
116.90036,30.44304,2017-12-07 14:04:00,9.9
116.90706,30.44517,2017-12-07 14:06:00,10.3
116.91314,30.44746,2017-12-07 14:08:00,10.2
116.92594,30.44962,2017-12-07 14:12:00,10.1
116.93298,30.45073,2017-12-07 14:14:00,10.0
116.9392,30.45204,2017-12-07 14:16:00,9.9
116.9453,30.45376,2017-12-07 14:18:00,9.9
116.95193,30.45612,2017-12-07 14:20:00,9.8
116.96358,30.46012,2017-12-07 14:24:00,9.5
116.97483,30.46521,2017-12-07 14:28:00,9.3
116.97963,30.46834,2017-12-07 14:30:00,9.4
116.98438,30.47175,2017-12-07 14:32:00,9.6
116.98882,30.47541,2017-12-07 14:34:00,9.5
116.99333,30.47962,2017-12-07 14:36:00,9.4
116.99747,30.48342,2017-12-07 14:38:00,9.4
117.00244,30.48748,2017-12-07 14:40:00,9.4
117.00752,30.4907,2017-12-07 14:42:00,9.6
117.01794,30.49619,2017-12-07 14:46:00,9.7
117.025,30.49866,2017-12-07 14:48:00,9.5
117.03104,30.49944,2017-12-07 14:50:00,9.4
117.04039,30.49929,2017-12-07 14:54:00,9.7
117.04927,30.49902,2017-12-07 14:56:00,9.8
117.05666,30.49896,2017-12-07 15:00:00,9.8
117.06367,30.49884,2017-12-07 15:02:00,9.8
117.07001,30.49923,2017-12-07 15:04:00,9.8
117.07636,30.4998,2017-12-07 15:06:00,9.8
117.08202,30.50038,2017-12-07 15:08:00,9.7
117.08931,30.50138,2017-12-07 15:10:00,9.5
117.10103,30.50382,2017-12-07 15:14:00,9.3
117.1075,30.50437,2017-12-07 15:16:00,9.2
117.11875,30.50676,2017-12-07 15:20:00,9.2
117.12452,30.50961,2017-12-07 15:22:00,9.6
117.13007,30.5126,2017-12-07 15:24:00,9.9
117.14085,30.51858,2017-12-07 15:28:00,10.3
117.14701,30.52195,2017-12-07 15:30:00,10.4
117.16215,30.52839,2017-12-07 15:34:00,10.3
117.17966,30.53119,2017-12-07 15:40:00,10.2
117.18703,30.5328,2017-12-07 15:42:00,10.2
117.19453,30.53406,2017-12-07 15:44:00,10.2
117.19939,30.53455,2017-12-07 15:48:00,10.2
117.21931,30.53539,2017-12-07 15:52:00,9.7
117.22793,30.53632,2017-12-07 15:56:00,9.6
117.23724,30.53828,2017-12-07 15:58:00,9.0
117.24296,30.54524,2017-12-07 16:02:00,8.9
117.24545,30.55282,2017-12-07 16:06:00,9.5
117.24812,30.56142,2017-12-07 16:10:00,9.8
117.25057,30.5757,2017-12-07 16:14:00,9.7
117.2505,30.58215,2017-12-07 16:16:00,9.7
117.24895,30.58894,2017-12-07 16:20:00,9.7
117.24622,30.59411,2017-12-07 16:22:00,9.5
117.24221,30.59718,2017-12-07 16:24:00,9.0
117.23452,30.60145,2017-12-07 16:26:00,7.0
117.22791,30.60586,2017-12-07 16:30:00,6.7
117.22876,30.61476,2017-12-07 16:34:00,8.2
117.23001,30.61863,2017-12-07 16:38:00,9.0
117.23106,30.62439,2017-12-07 16:40:00,9.2
117.2345,30.63036,2017-12-07 16:42:00,9.3
117.24279,30.63982,2017-12-07 16:46:00,9.9
117.25613,30.64878,2017-12-07 16:52:00,9.9
117.26633,30.65225,2017-12-07 16:54:00,9.8
117.27529,30.65657,2017-12-07 16:58:00,9.7
117.27991,30.65891,2017-12-07 17:00:00,9.6
117.28524,30.66201,2017-12-07 17:02:00,9.2
117.29091,30.66505,2017-12-07 17:04:00,9.1
117.29781,30.66943,2017-12-07 17:06:00,9.3
117.30265,30.67256,2017-12-07 17:10:00,9.4
117.30877,30.67618,2017-12-07 17:12:00,9.6
117.3215,30.68376,2017-12-07 17:16:00,9.5
117.32592,30.68638,2017-12-07 17:18:00,9.5
117.33443,30.69105,2017-12-07 17:22:00,9.3
117.3486,30.6981,2017-12-07 17:26:00,9.4
117.35399,30.70046,2017-12-07 17:30:00,9.5
117.35851,30.7024,2017-12-07 17:32:00,9.6
117.36874,30.70689,2017-12-07 17:34:00,9.7
117.37404,30.70914,2017-12-07 17:36:00,9.8
117.38356,30.71284,2017-12-07 17:40:00,9.9
117.39935,30.71777,2017-12-07 17:44:00,9.4
117.41117,30.72051,2017-12-07 17:48:00,9.3
117.42343,30.72465,2017-12-07 17:54:00,7.4
117.42789,30.7257,2017-12-07 17:56:00,6.7
117.43471,30.72626,2017-12-07 17:58:00,8.1
117.44484,30.72613,2017-12-07 18:02:00,9.1
117.45164,30.72569,2017-12-07 18:04:00,9.3
117.4565,30.725,2017-12-07 18:06:00,9.5
117.46853,30.72267,2017-12-07 18:10:00,9.4
117.48312,30.71977,2017-12-07 18:14:00,9.1
117.48904,30.71955,2017-12-07 18:18:00,9.0
117.49524,30.7207,2017-12-07 18:20:00,9.2
117.50589,30.72459,2017-12-07 18:22:00,9.3
117.51687,30.73051,2017-12-07 18:26:00,9.6
117.52272,30.7332,2017-12-07 18:28:00,9.7
117.53476,30.73784,2017-12-07 18:34:00,9.7
117.5444,30.74372,2017-12-07 18:36:00,9.6
117.55054,30.74696,2017-12-07 18:40:00,9.6
117.5564,30.7496,2017-12-07 18:42:00,9.7
117.56902,30.75373,2017-12-07 18:46:00,10.0
117.57508,30.75587,2017-12-07 18:48:00,10.2
117.58131,30.75841,2017-12-07 18:50:00,10.1
117.58807,30.76054,2017-12-07 18:52:00,9.9
117.59399,30.7627,2017-12-07 18:54:00,9.8
117.59987,30.76489,2017-12-07 18:56:00,9.8
117.60606,30.76754,2017-12-07 18:58:00,9.6
117.61192,30.77003,2017-12-07 19:00:00,9.5
117.61755,30.77226,2017-12-07 19:02:00,9.5
117.6234,30.77479,2017-12-07 19:04:00,9.4
117.62933,30.77724,2017-12-07 19:06:00,9.3
117.64014,30.78169,2017-12-07 19:10:00,9.2
117.64555,30.78378,2017-12-07 19:12:00,9.1
117.651,30.7858,2017-12-07 19:14:00,9.1
117.66297,30.79002,2017-12-07 19:18:00,9.3
117.67384,30.7946,2017-12-07 19:22:00,9.5
117.67932,30.79712,2017-12-07 19:24:00,9.5
117.68515,30.80041,2017-12-07 19:28:00,9.7
117.69543,30.80772,2017-12-07 19:32:00,9.7
117.70356,30.81411,2017-12-07 19:34:00,9.7
117.70979,30.81906,2017-12-07 19:38:00,9.7
117.71385,30.82312,2017-12-07 19:40:00,9.6
117.71713,30.82764,2017-12-07 19:42:00,9.5
117.71973,30.83286,2017-12-07 19:44:00,9.4
117.72301,30.84263,2017-12-07 19:48:00,9.4
117.72435,30.84782,2017-12-07 19:50:00,9.6
117.72571,30.85404,2017-12-07 19:52:00,9.8
117.72713,30.85942,2017-12-07 19:54:00,9.9
117.72859,30.86481,2017-12-07 19:56:00,9.8
117.72996,30.87015,2017-12-07 19:58:00,9.8
117.73143,30.87636,2017-12-07 20:00:00,9.6
117.73277,30.88163,2017-12-07 20:02:00,9.6
117.73415,30.88686,2017-12-07 20:04:00,9.5
117.73515,30.89251,2017-12-07 20:06:00,9.5
117.7365,30.90347,2017-12-07 20:10:00,9.4
117.73645,30.90871,2017-12-07 20:12:00,9.3
117.73611,30.91392,2017-12-07 20:14:00,9.3
117.73565,30.919,2017-12-07 20:16:00,9.4
117.73396,30.92709,2017-12-07 20:20:00,9.4
117.73183,30.93515,2017-12-07 20:22:00,9.7
117.7304,30.9449,2017-12-07 20:26:00,9.8
117.7291,30.95259,2017-12-07 20:30:00,9.6
117.72824,30.95789,2017-12-07 20:32:00,9.5
117.726,30.97418,2017-12-07 20:38:00,9.4
117.72527,30.97985,2017-12-07 20:40:00,9.5
117.72433,30.99046,2017-12-07 20:44:00,9.5
117.72377,31.00107,2017-12-07 20:48:00,9.6
117.72346,31.01262,2017-12-07 20:52:00,9.6
117.72498,31.01788,2017-12-07 20:54:00,9.5
117.72692,31.02292,2017-12-07 20:56:00,9.5
117.72915,31.02875,2017-12-07 20:58:00,9.6
117.73225,31.03502,2017-12-07 21:02:00,9.6
117.73933,31.05008,2017-12-07 21:06:00,9.7
117.74399,31.05928,2017-12-07 21:10:00,9.4
117.74808,31.07008,2017-12-07 21:14:00,9.3
117.75002,31.07588,2017-12-07 21:18:00,9.6
117.75298,31.08394,2017-12-07 21:20:00,9.6
117.75725,31.09183,2017-12-07 21:24:00,9.7
117.76145,31.0987,2017-12-07 21:28:00,9.6
117.76687,31.10605,2017-12-07 21:30:00,9.6
117.77226,31.1116,2017-12-07 21:34:00,9.5
117.78011,31.11854,2017-12-07 21:36:00,9.6
117.78624,31.12347,2017-12-07 21:40:00,9.7
117.79919,31.1313,2017-12-07 21:44:00,9.7
117.80668,31.13513,2017-12-07 21:48:00,9.7
117.81581,31.13871,2017-12-07 21:50:00,9.7
117.8249,31.14134,2017-12-07 21:54:00,9.7
117.84058,31.14183,2017-12-07 21:58:00,9.6
117.85543,31.13902,2017-12-07 22:04:00,9.5
117.86388,31.13469,2017-12-07 22:06:00,9.7
117.87541,31.12436,2017-12-07 22:12:00,10.0
117.87815,31.11756,2017-12-07 22:14:00,9.9
117.882,31.10428,2017-12-07 22:18:00,10.0
117.88348,31.09964,2017-12-07 22:22:00,10.0
117.88624,31.09115,2017-12-07 22:24:00,9.9
117.8905,31.08168,2017-12-07 22:28:00,9.7
117.8967,31.07466,2017-12-07 22:32:00,9.5
117.90409,31.06951,2017-12-07 22:34:00,9.5
117.91338,31.06561,2017-12-07 22:38:00,9.6
117.92843,31.06381,2017-12-07 22:42:00,9.8
117.94187,31.06696,2017-12-07 22:46:00,9.9
117.94987,31.0714,2017-12-07 22:50:00,9.5
117.95637,31.07578,2017-12-07 22:52:00,8.4
117.96497,31.08202,2017-12-07 22:56:00,7.9
117.969,31.08486,2017-12-07 22:58:00,9.9
117.97771,31.09041,2017-12-07 23:02:00,9.7
117.98313,31.09494,2017-12-07 23:04:00,9.7
117.98953,31.10199,2017-12-07 23:08:00,9.6
117.99406,31.10917,2017-12-07 23:12:00,9.4
117.9963,31.1206,2017-12-07 23:16:00,9.7
117.99622,31.12981,2017-12-07 23:20:00,9.9
117.99643,31.13732,2017-12-07 23:22:00,9.9
117.99693,31.14658,2017-12-07 23:26:00,9.9
118.00031,31.15975,2017-12-07 23:30:00,9.6
118.00568,31.16626,2017-12-07 23:32:00,8.7
118.01402,31.17304,2017-12-07 23:38:00,6.6
118.02247,31.1762,2017-12-07 23:42:00,6.3
118.03087,31.17888,2017-12-07 23:46:00,6.8
118.03408,31.17972,2017-12-07 23:48:00,7.4
118.04403,31.18353,2017-12-07 23:52:00,8.0
118.0489,31.18582,2017-12-07 23:54:00,8.9
118.05811,31.19309,2017-12-07 23:58:00,9.6
118.06538,31.20066,2017-12-08 00:02:00,9.8
118.07181,31.20697,2017-12-08 00:06:00,10.0
118.0814,31.21256,2017-12-08 00:08:00,9.9
118.08769,31.21467,2017-12-08 00:10:00,9.9
118.10144,31.2198,2017-12-08 00:16:00,9.5
118.11057,31.22395,2017-12-08 00:20:00,9.3
118.12261,31.2304,2017-12-08 00:24:00,9.3
118.12912,31.2348,2017-12-08 00:26:00,8.4
118.13711,31.24016,2017-12-08 00:30:00,9.2
118.14405,31.24586,2017-12-08 00:34:00,9.1
118.15117,31.2517,2017-12-08 00:36:00,9.1
118.1581,31.25724,2017-12-08 00:40:00,9.2
118.16402,31.26183,2017-12-08 00:42:00,9.2
118.17153,31.26803,2017-12-08 00:46:00,9.1
118.17663,31.27139,2017-12-08 00:48:00,9.1
118.18307,31.27583,2017-12-08 00:50:00,9.0
118.1902,31.28063,2017-12-08 00:54:00,8.9
118.19803,31.28517,2017-12-08 00:56:00,8.9
118.20595,31.28903,2017-12-08 01:00:00,8.6
118.21169,31.29132,2017-12-08 01:02:00,8.9
118.22251,31.29461,2017-12-08 01:06:00,8.8
118.22897,31.29638,2017-12-08 01:08:00,9.0
118.23882,31.29854,2017-12-08 01:12:00,9.5
118.2462,31.29963,2017-12-08 01:14:00,9.5
118.25227,31.30024,2017-12-08 01:16:00,9.2
118.26418,31.30147,2017-12-08 01:20:00,8.9
118.26904,31.30206,2017-12-08 01:22:00,8.9
118.28207,31.3036,2017-12-08 01:26:00,9.0
118.28789,31.30374,2017-12-08 01:28:00,9.1
118.29388,31.30375,2017-12-08 01:30:00,9.1
118.29981,31.30366,2017-12-08 01:32:00,9.1
118.30614,31.30294,2017-12-08 01:34:00,9.1
118.31205,31.30232,2017-12-08 01:36:00,9.1
118.31795,31.30157,2017-12-08 01:38:00,9.1
118.32378,31.30093,2017-12-08 01:40:00,9.0
118.33015,31.30041,2017-12-08 01:42:00,7.6
118.33473,31.30053,2017-12-08 01:44:00,6.8
118.33958,31.30092,2017-12-08 01:46:00,8.0
118.3439,31.30328,2017-12-08 01:48:00,8.1
118.3475,31.30719,2017-12-08 01:52:00,8.4
118.34975,31.313473,2017-12-08 01:56:00,8.3
118.3486,31.32654,2017-12-08 02:00:00,8.8
118.34789,31.33093,2017-12-08 02:02:00,7.4
118.34716,31.33495,2017-12-08 02:04:00,6.8
118.34633,31.33907,2017-12-08 02:06:00,6.5
118.34444,31.34578,2017-12-08 02:10:00,5.4
118.34261,31.35252,2017-12-08 02:14:00,7.8
118.34138,31.35762,2017-12-08 02:16:00,8.8
118.34096,31.36264,2017-12-08 02:18:00,9.1
118.3409,31.36779,2017-12-08 02:20:00,9.4
118.34108,31.37877,2017-12-08 02:24:00,9.2
118.34116,31.38393,2017-12-08 02:26:00,9.0
118.34151,31.390512,2017-12-08 02:30:00,8.7
118.3438,31.39873,2017-12-08 02:32:00,8.8
118.3446,31.40279,2017-12-08 02:34:00,8.7
118.34578,31.40886,2017-12-08 02:36:00,8.9
118.3466,31.412937,2017-12-08 02:38:00,9.0
118.34644,31.42503,2017-12-08 02:42:00,9.1
118.34121,31.4337,2017-12-08 02:46:00,9.3
118.33855,31.4388,2017-12-08 02:48:00,9.1
118.33701,31.44413,2017-12-08 02:50:00,9.1
118.33733,31.45438,2017-12-08 02:54:00,9.1
118.3387,31.46287,2017-12-08 02:58:00,9.2
118.3401,31.47394,2017-12-08 03:02:00,9.1
118.34509,31.48471,2017-12-08 03:08:00,9.1
118.34832,31.48929,2017-12-08 03:10:00,9.1
118.35155,31.49361,2017-12-08 03:12:00,9.2
118.35501,31.49814,2017-12-08 03:14:00,9.2
118.35829,31.5028,2017-12-08 03:16:00,9.2
118.36153,31.50719,2017-12-08 03:18:00,9.3
118.36458,31.51165,2017-12-08 03:20:00,9.2
118.36755,31.51634,2017-12-08 03:22:00,9.3
118.37088,31.52138,2017-12-08 03:24:00,9.2
118.37696,31.5302,2017-12-08 03:28:00,9.0
118.37937,31.53479,2017-12-08 03:30:00,9.0
118.38571,31.54401,2017-12-08 03:34:00,9.0
118.3905,31.55254,2017-12-08 03:38:00,8.9
118.39202,31.55736,2017-12-08 03:40:00,8.9
118.39312,31.56272,2017-12-08 03:42:00,9.0
118.39478,31.56753,2017-12-08 03:44:00,9.0
118.3959,31.572466,2017-12-08 03:46:00,9.0
118.39681,31.58309,2017-12-08 03:50:00,9.1
118.39752,31.59108,2017-12-08 03:54:00,9.2
118.398346,31.597897,2017-12-08 03:56:00,9.2
118.39858,31.60952,2017-12-08 04:00:00,9.1
118.39973,31.62018,2017-12-08 04:04:00,9.1
118.40072,31.62477,2017-12-08 04:06:00,7.8
118.4015,31.62888,2017-12-08 04:08:00,7.0
118.40182,31.63333,2017-12-08 04:10:00,8.0
118.40147,31.63788,2017-12-08 04:12:00,8.7
118.40112,31.64808,2017-12-08 04:16:00,8.9
118.40051,31.65363,2017-12-08 04:18:00,8.8
118.39943,31.65828,2017-12-08 04:20:00,8.2
118.39902,31.66299,2017-12-08 04:22:00,8.7
118.39976,31.66716,2017-12-08 04:26:00,9.3
118.40104,31.672207,2017-12-08 04:28:00,9.4
118.4015,31.677116,2017-12-08 04:30:00,8.1
118.4022,31.682106,2017-12-08 04:32:00,6.7
118.403946,31.68586,2017-12-08 04:34:00,7.6
118.40612,31.68967,2017-12-08 04:36:00,7.4
118.40868,31.693216,2017-12-08 04:38:00,7.1
118.41156,31.696146,2017-12-08 04:40:00,6.1
118.41444,31.698343,2017-12-08 04:42:00,5.7
118.417816,31.699802,2017-12-08 04:44:00,5.7
118.42171,31.700727,2017-12-08 04:46:00,4.9
118.424736,31.700977,2017-12-08 04:48:00,4.4
118.427505,31.70105,2017-12-08 04:52:00,5.9
118.43656,31.70274,2017-12-08 04:54:00,8.4
118.440895,31.706034,2017-12-08 04:56:00,8.7
118.44455,31.710238,2017-12-08 04:58:00,8.8
118.447105,31.715483,2017-12-08 05:00:00,8.8
118.44952,31.720646,2017-12-08 05:02:00,8.8
118.452225,31.724974,2017-12-08 05:04:00,8.9
118.45491,31.729427,2017-12-08 05:06:00,8.8
118.457306,31.7347,2017-12-08 05:08:00,8.9
118.45936,31.73858,2017-12-08 05:12:00,9.0
118.46381,31.74612,2017-12-08 05:14:00,9.0
118.46637,31.750793,2017-12-08 05:16:00,9.0
118.46899,31.75532,2017-12-08 05:18:00,9.1
118.47202,31.75962,2017-12-08 05:20:00,9.1
118.47594,31.7642,2017-12-08 05:22:00,9.1
118.48004,31.76784,2017-12-08 05:24:00,9.1
118.4844,31.77143,2017-12-08 05:26:00,9.2
118.489334,31.77622,2017-12-08 05:28:00,9.2
118.49363,31.779846,2017-12-08 05:30:00,9.2
118.4995,31.784067,2017-12-08 05:32:00,9.4
118.51134,31.79584,2017-12-08 05:38:00,9.3
118.520256,31.80876,2017-12-08 05:46:00,9.2
118.52315,31.813877,2017-12-08 05:48:00,9.2
118.53203,31.830467,2017-12-08 05:54:00,9.2
118.53622,31.842947,2017-12-08 06:00:00,9.0
118.54013,31.86274,2017-12-08 06:06:00,9.2
118.54364,31.87939,2017-12-08 06:14:00,9.2
118.54587,31.88789,2017-12-08 06:16:00,9.0
118.57801,31.928406,2017-12-08 06:36:00,9.6
118.61673,31.948177,2017-12-08 06:50:00,8.7
118.62624,31.953997,2017-12-08 06:54:00,7.2
118.633575,31.961054,2017-12-08 06:58:00,6.9
118.63827,31.965714,2017-12-08 07:04:00,9.0
118.800095,32.146214,2017-12-08 09:32:00,9.9
118.827255,32.15912,2017-12-08 09:40:00,9.9
118.8378,32.162636,2017-12-08 09:42:00,9.9
118.84679,32.166645,2017-12-08 09:46:00,9.9
118.86999,32.17615,2017-12-08 09:50:00,9.9
118.92244,32.17744,2017-12-08 10:00:00,9.4
118.95916,32.17165,2017-12-08 10:06:00,9.0
118.97562,32.17185,2017-12-08 10:10:00,9.0
119.00951,32.178436,2017-12-08 10:16:00,9.0
119.025024,32.186455,2017-12-08 10:20:00,8.7
119.02925,32.189194,2017-12-08 10:24:00,9.0
119.1049,32.24427,2017-12-08 10:26:00,6.6
119.03367,32.19178,2017-12-08 10:30:00,8.7
119.12118,32.24626,2017-12-08 10:32:00,7.5
119.12623,32.24649,2017-12-08 10:34:00,7.7
119.1316,32.2461,2017-12-08 10:38:00,6.9
119.14188,32.2457,2017-12-08 10:42:00,8.2
119.14742,32.24551,2017-12-08 10:44:00,8.5
119.15307,32.24522,2017-12-08 10:46:00,8.6
119.15915,32.24453,2017-12-08 10:48:00,8.7
119.17036,32.24261,2017-12-08 10:52:00,8.7
119.17667,32.24061,2017-12-08 10:54:00,8.7
119.18737,32.23709,2017-12-08 10:58:00,8.6
119.19268,32.23508,2017-12-08 11:00:00,8.7
119.1978,32.23296,2017-12-08 11:02:00,8.6
119.20351,32.23054,2017-12-08 11:04:00,8.7
119.21307,32.2265,2017-12-08 11:08:00,8.5
119.21847,32.22393,2017-12-08 11:10:00,8.5
119.22807,32.21872,2017-12-08 11:14:00,8.4
119.23293,32.21602,2017-12-08 11:16:00,8.3
119.23756,32.2135,2017-12-08 11:18:00,8.4
119.24651,32.20832,2017-12-08 11:22:00,8.5
119.25123,32.20579,2017-12-08 11:24:00,8.5
119.25662,32.20271,2017-12-08 11:26:00,8.6
119.26145,32.19997,2017-12-08 11:28:00,8.6
119.26641,32.19743,2017-12-08 11:30:00,8.6
119.2717,32.19472,2017-12-08 11:32:00,8.8
119.27727,32.19247,2017-12-08 11:34:00,8.8
119.28331,32.1911,2017-12-08 11:36:00,8.6
119.2953,32.18975,2017-12-08 11:42:00,8.8
119.30156,32.18953,2017-12-08 11:44:00,8.9
119.30764,32.18954,2017-12-08 11:46:00,8.8
119.31894,32.18982,2017-12-08 11:50:00,9.1
119.32542,32.19036,2017-12-08 11:52:00,9.1
119.33275,32.19146,2017-12-08 11:54:00,9.1
119.33908,32.19306,2017-12-08 11:56:00,9.1
119.3446,32.19503,2017-12-08 11:58:00,9.2
119.35079,32.19722,2017-12-08 12:00:00,9.2
119.35654,32.19978,2017-12-08 12:02:00,9.3
119.36174,32.20259,2017-12-08 12:04:00,9.3
119.36665,32.20615,2017-12-08 12:06:00,9.3
119.37172,32.21107,2017-12-08 12:08:00,9.5
119.37557,32.21525,2017-12-08 12:10:00,9.4
119.37945,32.21939,2017-12-08 12:12:00,9.4
119.38372,32.22426,2017-12-08 12:16:00,9.3
119.38741,32.22842,2017-12-08 12:18:00,9.4
119.39177,32.23263,2017-12-08 12:20:00,9.2
119.39589,32.2365,2017-12-08 12:22:00,9.4
119.4004,32.2408,2017-12-08 12:24:00,9.5
119.40456,32.24483,2017-12-08 12:26:00,9.5
119.40891,32.24876,2017-12-08 12:28:00,9.6
119.41393,32.25264,2017-12-08 12:30:00,9.6
119.41923,32.256,2017-12-08 12:32:00,9.6
119.43022,32.26097,2017-12-08 12:36:00,9.6
119.4363,32.26323,2017-12-08 12:38:00,9.4
119.44253,32.2653,2017-12-08 12:40:00,9.4
119.45507,32.26842,2017-12-08 12:44:00,9.6
119.46128,32.26922,2017-12-08 12:46:00,9.7
119.46813,32.26964,2017-12-08 12:48:00,9.7
119.48151,32.26986,2017-12-08 12:52:00,9.8
119.48864,32.26818,2017-12-08 12:54:00,9.8
119.50075,32.26353,2017-12-08 13:00:00,9.6
119.51077,32.25755,2017-12-08 13:02:00,9.3
119.51974,32.25092,2017-12-08 13:06:00,8.9
119.5245,32.2473,2017-12-08 13:10:00,8.0
119.52839,32.24452,2017-12-08 13:12:00,7.6
119.53228,32.24162,2017-12-08 13:14:00,7.9
119.53653,32.2385,2017-12-08 13:16:00,9.1
119.54207,32.23369,2017-12-08 13:18:00,9.1
119.54887,32.22688,2017-12-08 13:22:00,6.9
119.55054,32.22259,2017-12-08 13:24:00,8.1
119.5509,32.21725,2017-12-08 13:26:00,9.1
119.5509,32.21211,2017-12-08 13:28:00,9.3
119.55147,32.20115,2017-12-08 13:32:00,9.5
119.55466,32.19564,2017-12-08 13:34:00,9.2
119.55937,32.19243,2017-12-08 13:36:00,9.2
119.57153,32.18921,2017-12-08 13:42:00,9.7
119.57829,32.18808,2017-12-08 13:44:00,10.0
119.58435,32.18769,2017-12-08 13:46:00,8.4
119.59007,32.18748,2017-12-08 13:48:00,7.8
119.59545,32.18765,2017-12-08 13:50:00,8.4
119.60276,32.18857,2017-12-08 13:52:00,9.3
119.61504,32.19117,2017-12-08 13:56:00,9.9
119.62247,32.19262,2017-12-08 13:58:00,10.1
119.62907,32.19378,2017-12-08 14:00:00,10.1
119.636,32.19536,2017-12-08 14:02:00,9.9
119.64309,32.1975,2017-12-08 14:04:00,10.5
119.65528,32.20294,2017-12-08 14:08:00,10.0
119.6603,32.2066,2017-12-08 14:10:00,9.9
119.66477,32.21122,2017-12-08 14:14:00,9.8
119.6686,32.21579,2017-12-08 14:16:00,10.1
119.67258,32.22087,2017-12-08 14:18:00,10.1
119.6757,32.22583,2017-12-08 14:20:00,9.9
119.67986,32.23693,2017-12-08 14:24:00,10.2
119.68528,32.24788,2017-12-08 14:28:00,10.1
119.68822,32.25315,2017-12-08 14:30:00,10.0
119.69408,32.26353,2017-12-08 14:34:00,9.9
119.69942,32.27387,2017-12-08 14:38:00,9.7
119.70152,32.279,2017-12-08 14:40:00,9.7
119.70463,32.28509,2017-12-08 14:42:00,9.7
119.70739,32.28998,2017-12-08 14:44:00,9.7
119.71076,32.29536,2017-12-08 14:46:00,9.8
119.71765,32.30473,2017-12-08 14:50:00,9.9
119.72771,32.31349,2017-12-08 14:56:00,9.8
119.73933,32.31896,2017-12-08 15:00:00,9.9
119.74536,32.32169,2017-12-08 15:02:00,9.8
119.75146,32.32434,2017-12-08 15:04:00,9.8
119.75828,32.32633,2017-12-08 15:06:00,10.0
119.7647,32.3272,2017-12-08 15:08:00,9.8
119.77115,32.32707,2017-12-08 15:10:00,9.8
119.77743,32.32621,2017-12-08 15:12:00,9.7
119.78469,32.32474,2017-12-08 15:14:00,9.9
119.79087,32.32284,2017-12-08 15:16:00,9.8
119.80334,32.31804,2017-12-08 15:20:00,10.0
119.8099,32.3152,2017-12-08 15:22:00,10.0
119.81608,32.3119,2017-12-08 15:24:00,10.2
119.82157,32.3087,2017-12-08 15:26:00,10.2
119.82675,32.30508,2017-12-08 15:28:00,10.2
119.83125,32.30089,2017-12-08 15:30:00,10.5
119.83584,32.29552,2017-12-08 15:32:00,10.2
119.84093,32.29078,2017-12-08 15:36:00,10.3
119.84561,32.28663,2017-12-08 15:38:00,10.3
119.84973,32.28165,2017-12-08 15:40:00,10.4
119.85389,32.27653,2017-12-08 15:42:00,10.6
119.85783,32.27165,2017-12-08 15:44:00,10.5
119.86296,32.26326,2017-12-08 15:46:00,10.2
119.86443,32.25923,2017-12-08 15:50:00,10.2
119.8697,32.24578,2017-12-08 15:54:00,9.6
119.8732,32.23872,2017-12-08 15:56:00,9.7
119.87751,32.2279,2017-12-08 16:00:00,9.8
119.8791,32.2219,2017-12-08 16:02:00,9.9
119.88078,32.21062,2017-12-08 16:06:00,9.8
119.88164,32.20491,2017-12-08 16:08:00,9.9
119.88358,32.19328,2017-12-08 16:12:00,10.0
119.88415,32.188786,2017-12-08 16:18:00,9.9
119.8868,32.17106,2017-12-08 16:22:00,10.0
119.88809,32.16368,2017-12-08 16:24:00,9.8
119.88937,32.15833,2017-12-08 16:26:00,9.7
119.89076,32.153,2017-12-08 16:28:00,9.7
119.89244,32.14728,2017-12-08 16:30:00,9.7
119.89198,32.148693,2017-12-08 16:32:00,9.7
119.89854,32.13245,2017-12-08 16:36:00,9.7
119.90102,32.12694,2017-12-08 16:38:00,9.6
119.9037,32.12072,2017-12-08 16:40:00,9.6
119.9054,32.11549,2017-12-08 16:42:00,9.6
119.90677,32.10976,2017-12-08 16:44:00,9.8
119.90836,32.10441,2017-12-08 16:46:00,9.7
119.91038,32.09887,2017-12-08 16:50:00,9.6
119.91037,32.098873,2017-12-08 16:52:00,9.6
119.91052,32.098488,2017-12-08 16:54:00,9.7
119.916504,32.087368,2017-12-08 16:56:00,9.7
119.9235,32.0736,2017-12-08 16:58:00,9.8
119.924614,32.071053,2017-12-08 17:00:00,9.8
119.928375,32.06332,2017-12-08 17:04:00,10.0
119.93523,32.05025,2017-12-08 17:06:00,9.9
119.932785,32.054897,2017-12-08 17:08:00,9.9
119.93589,32.04904,2017-12-08 17:10:00,9.9
119.93964,32.04222,2017-12-08 17:12:00,9.9
119.94267,32.03631,2017-12-08 17:14:00,9.9
119.945946,32.03055,2017-12-08 17:16:00,9.8
119.94956,32.02597,2017-12-08 17:18:00,9.8
119.95449,32.0193,2017-12-08 17:22:00,9.7
119.9595,32.0139,2017-12-08 17:24:00,9.5
119.96681,32.00806,2017-12-08 17:28:00,9.5
119.9759,32.00144,2017-12-08 17:30:00,9.5
119.97472,32.002274,2017-12-08 17:32:00,9.5
119.98576,31.9942,2017-12-08 17:34:00,9.5
119.98855,31.991476,2017-12-08 17:36:00,9.5
119.99344,31.986563,2017-12-08 17:40:00,9.4
119.99781,31.982113,2017-12-08 17:42:00,9.1
120.006065,31.976147,2017-12-08 17:44:00,8.9
120.01088,31.973816,2017-12-08 17:46:00,8.9
120.0128,31.972834,2017-12-08 17:50:00,8.9
120.013214,31.972607,2017-12-08 17:52:00,8.9
120.027985,31.965746,2017-12-08 17:54:00,8.6
120.03376,31.963806,2017-12-08 17:56:00,8.4
120.04012,31.9618,2017-12-08 17:58:00,8.4
120.04703,31.95964,2017-12-08 18:00:00,8.2
120.053825,31.958223,2017-12-08 18:04:00,8.1
120.058105,31.957376,2017-12-08 18:06:00,8.0
120.064255,31.95628,2017-12-08 18:08:00,8.0
120.07014,31.954887,2017-12-08 18:10:00,8.0
120.07581,31.953136,2017-12-08 18:12:00,7.9
120.08011,31.95164,2017-12-08 18:14:00,7.8
120.08539,31.95,2017-12-08 18:16:00,7.7
120.09031,31.94874,2017-12-08 18:18:00,7.6
120.09655,31.947147,2017-12-08 18:20:00,7.5
120.08175,31.95114,2017-12-08 18:22:00,7.8
120.08175,31.951138,2017-12-08 18:24:00,7.8
120.10232,31.945353,2017-12-08 18:26:00,7.5
120.1026,31.94525,2017-12-08 18:28:00,7.5
120.11909,31.93969,2017-12-08 18:30:00,7.5
120.12116,31.939056,2017-12-08 18:32:00,7.6
120.12592,31.937973,2017-12-08 18:34:00,7.4
120.13312,31.936724,2017-12-08 18:36:00,7.5
120.13784,31.935694,2017-12-08 18:38:00,7.4
120.1426,31.934763,2017-12-08 18:40:00,7.4
120.14888,31.933573,2017-12-08 18:44:00,7.3
120.15355,31.932533,2017-12-08 18:46:00,7.2
120.158226,31.93192,2017-12-08 18:48:00,7.2
120.16454,31.93164,2017-12-08 18:50:00,7.1
120.16928,31.93124,2017-12-08 18:52:00,7.2
120.17583,31.93056,2017-12-08 18:54:00,7.2
120.18016,31.929796,2017-12-08 18:56:00,7.3
120.18483,31.92896,2017-12-08 18:58:00,7.3
120.1904,31.928432,2017-12-08 19:00:00,7.2
120.19504,31.928177,2017-12-08 19:02:00,7.1
120.199615,31.92809,2017-12-08 19:04:00,7.0
120.20461,31.928288,2017-12-08 19:06:00,6.9
120.208824,31.928314,2017-12-08 19:08:00,6.9
120.214096,31.92844,2017-12-08 19:10:00,6.9
120.22152,31.928936,2017-12-08 19:14:00,6.8
120.22676,31.929546,2017-12-08 19:16:00,6.8
120.23112,31.93037,2017-12-08 19:18:00,6.7
120.23644,31.93181,2017-12-08 19:20:00,6.7
120.23756,31.93197,2017-12-08 19:22:00,6.1
120.24715,31.9349,2017-12-08 19:26:00,6.6
120.250824,31.93615,2017-12-08 19:28:00,6.6
120.25531,31.9375,2017-12-08 19:30:00,6.6
120.26,31.93914,2017-12-08 19:32:00,6.6
120.26392,31.940727,2017-12-08 19:34:00,6.7
120.268,31.942654,2017-12-08 19:36:00,6.7
120.27007,31.94344,2017-12-08 19:38:00,6.6
120.27312,31.944746,2017-12-08 19:40:00,6.7
120.27708,31.946444,2017-12-08 19:42:00,6.8
120.28043,31.94812,2017-12-08 19:44:00,6.1
120.285866,31.949966,2017-12-08 19:46:00,6.8
120.28995,31.951567,2017-12-08 19:48:00,6.8
120.29324,31.952707,2017-12-08 19:50:00,6.8
120.298065,31.954576,2017-12-08 19:52:00,6.9
120.30229,31.95674,2017-12-08 19:54:00,6.9
120.30582,31.958593,2017-12-08 19:56:00,6.8
120.31174,31.96202,2017-12-08 19:58:00,7.0
120.31568,31.96404,2017-12-08 20:00:00,7.0
120.31918,31.96646,2017-12-08 20:02:00,6.9
120.3224,31.96836,2017-12-08 20:04:00,6.0
120.327545,31.970423,2017-12-08 20:06:00,7.0
120.33173,31.97292,2017-12-08 20:08:00,7.1
120.33488,31.97523,2017-12-08 20:10:00,7.1
120.33828,31.97741,2017-12-08 20:12:00,7.1
120.34199,31.97982,2017-12-08 20:16:00,7.2
120.34602,31.98192,2017-12-08 20:18:00,7.2
120.35064,31.984606,2017-12-08 20:20:00,7.2
120.35451,31.986967,2017-12-08 20:22:00,7.3
120.358986,31.989277,2017-12-08 20:24:00,7.4
120.36298,31.99201,2017-12-08 20:26:00,7.3
120.36632,31.99492,2017-12-08 20:28:00,7.3
120.37045,31.99714,2017-12-08 20:30:00,7.3
120.37461,31.999086,2017-12-08 20:32:00,7.2
120.37884,32.0014,2017-12-08 20:34:00,7.2
120.38276,32.003647,2017-12-08 20:36:00,7.4
120.38731,32.00658,2017-12-08 20:38:00,7.2
120.39104,32.008884,2017-12-08 20:40:00,7.1
120.39484,32.011265,2017-12-08 20:42:00,7.2
120.39883,32.01413,2017-12-08 20:44:00,7.3
120.40548,32.0176,2017-12-08 20:46:00,7.5
120.40876,32.0192,2017-12-08 20:48:00,7.6
120.41128,32.020267,2017-12-08 20:50:00,7.7
120.41639,32.021988,2017-12-08 20:52:00,7.7
120.41832,32.02262,2017-12-08 20:54:00,7.7
120.426575,32.025482,2017-12-08 20:56:00,7.8
120.43191,32.02688,2017-12-08 20:58:00,7.9
120.43685,32.02844,2017-12-08 21:00:00,8.0
120.441895,32.029793,2017-12-08 21:02:00,8.1
120.447105,32.030678,2017-12-08 21:04:00,8.1
120.452225,32.031605,2017-12-08 21:06:00,8.2
120.45804,32.03262,2017-12-08 21:08:00,8.2
120.46342,32.03358,2017-12-08 21:10:00,8.4
120.469376,32.034203,2017-12-08 21:12:00,8.5
120.47541,32.034546,2017-12-08 21:16:00,8.6
120.48095,32.034386,2017-12-08 21:18:00,8.5
120.487015,32.03374,2017-12-08 21:20:00,8.6
120.49265,32.033287,2017-12-08 21:22:00,8.6
120.49828,32.03243,2017-12-08 21:24:00,8.6
120.503784,32.031025,2017-12-08 21:26:00,8.8
120.51043,32.028954,2017-12-08 21:28:00,8.7
120.51707,32.026382,2017-12-08 21:30:00,8.9
120.5224,32.024277,2017-12-08 21:32:00,9.0
120.52463,32.0234,2017-12-08 21:34:00,9.0
120.534065,32.01987,2017-12-08 21:36:00,8.8
120.53986,32.01786,2017-12-08 21:38:00,8.8
120.54216,32.01712,2017-12-08 21:40:00,8.8
120.552574,32.01362,2017-12-08 21:44:00,9.0
120.557976,32.01173,2017-12-08 21:46:00,8.9
120.56348,32.00995,2017-12-08 21:48:00,8.9
120.56882,32.00797,2017-12-08 21:50:00,9.0
120.57552,32.005306,2017-12-08 21:52:00,8.9
120.58095,32.003506,2017-12-08 21:54:00,9.0
120.58284,32.00288,2017-12-08 21:56:00,8.9
120.592575,31.999727,2017-12-08 21:58:00,9.0
120.59824,31.998327,2017-12-08 22:00:00,9.1
120.60436,31.996626,2017-12-08 22:02:00,9.2
120.60639,31.99622,2017-12-08 22:04:00,9.2
120.6133,31.99537,2017-12-08 22:06:00,9.3
120.624016,31.994486,2017-12-08 22:08:00,9.4
120.63183,31.994392,2017-12-08 22:12:00,9.5
120.64007,31.99465,2017-12-08 22:14:00,9.5
120.64631,31.994654,2017-12-08 22:16:00,9.5
120.65255,31.99502,2017-12-08 22:20:00,9.5
120.66397,31.996527,2017-12-08 22:22:00,9.7
120.67024,31.997726,2017-12-08 22:24:00,9.8
120.67736,31.998423,2017-12-08 22:26:00,10.0
120.68444,31.998907,2017-12-08 22:28:00,9.9
120.68389,31.99886,2017-12-08 22:30:00,10.0
120.699066,32.00047,2017-12-08 22:32:00,10.0
120.70604,32.00144,2017-12-08 22:34:00,9.9
120.71403,32.002773,2017-12-08 22:38:00,9.9
120.71825,32.00346,2017-12-08 22:40:00,9.9
120.72501,32.0045,2017-12-08 22:42:00,9.8
120.73137,32.00536,2017-12-08 22:44:00,9.6
120.7377,32.00598,2017-12-08 22:46:00,9.7
120.74411,32.00663,2017-12-08 22:48:00,9.7
120.75036,32.00724,2017-12-08 22:50:00,9.6
120.75835,32.00814,2017-12-08 22:52:00,9.8
120.76469,32.00891,2017-12-08 22:54:00,9.8
120.77164,32.00911,2017-12-08 22:56:00,9.9
120.78515,32.00831,2017-12-08 23:00:00,10.0
120.79194,32.00694,2017-12-08 23:02:00,9.8
120.80336,32.00377,2017-12-08 23:06:00,9.4
120.81551,32.00047,2017-12-08 23:10:00,9.4
120.8203,31.99646,2017-12-08 23:14:00,9.7
120.82448,31.99229,2017-12-08 23:16:00,9.9
120.82901,31.98824,2017-12-08 23:18:00,10.0
120.83398,31.98342,2017-12-08 23:20:00,10.0
120.83847,31.97871,2017-12-08 23:22:00,9.9
120.84299,31.97402,2017-12-08 23:24:00,9.9
120.85117,31.96526,2017-12-08 23:28:00,10.1
120.85463,31.96005,2017-12-08 23:30:00,10.1
120.86084,31.94923,2017-12-08 23:34:00,10.3
120.86369,31.94398,2017-12-08 23:36:00,10.3
120.86702,31.93578,2017-12-08 23:38:00,10.3
120.86811,31.93206,2017-12-08 23:40:00,10.3
120.87193,31.92107,2017-12-08 23:44:00,10.2
120.87444,31.91529,2017-12-08 23:46:00,10.1
120.8772,31.91015,2017-12-08 23:48:00,10.1
120.87989,31.90497,2017-12-08 23:50:00,10.2
120.88174,31.89458,2017-12-08 23:52:00,10.3
120.8821,31.89269,2017-12-08 23:54:00,10.3
120.88383,31.88279,2017-12-08 23:58:00,10.3
120.88517,31.87658,2017-12-09 00:00:00,10.2
120.88701,31.86876,2017-12-09 00:04:00,9.9
120.88958,31.85941,2017-12-09 00:06:00,10.3
120.89187,31.85211,2017-12-09 00:08:00,10.3
120.8916,31.85294,2017-12-09 00:10:00,10.3
120.89647,31.84118,2017-12-09 00:14:00,10.3
120.90245,31.83067,2017-12-09 00:18:00,10.6
120.90625,31.8246,2017-12-09 00:20:00,10.8
120.91314,31.81389,2017-12-09 00:24:00,9.7
120.91933,31.80476,2017-12-09 00:28:00,9.9
120.92638,31.79494,2017-12-09 00:32:00,10.0
120.93098,31.78956,2017-12-09 00:34:00,10.2
120.93973,31.78239,2017-12-09 00:38:00,10.0
120.94666,31.77972,2017-12-09 00:40:00,10.1
120.96057,31.77711,2017-12-09 00:42:00,10.1
120.96725,31.77653,2017-12-09 00:46:00,10.3
120.97996,31.77613,2017-12-09 00:50:00,10.7
120.98874,31.77662,2017-12-09 00:52:00,11.0
121.0051,31.77538,2017-12-09 00:56:00,11.3
121.01558,31.77304,2017-12-09 00:58:00,11.0
121.02005,31.771753,2017-12-09 01:00:00,10.9
121.03279,31.76848,2017-12-09 01:04:00,10.3
121.036385,31.767374,2017-12-09 01:06:00,10.2
121.04291,31.765606,2017-12-09 01:08:00,10.3
121.05289,31.76244,2017-12-09 01:10:00,10.3
121.05885,31.75979,2017-12-09 01:12:00,10.3
121.06535,31.75684,2017-12-09 01:14:00,10.3
121.07182,31.75397,2017-12-09 01:16:00,10.3
121.079025,31.750313,2017-12-09 01:20:00,10.2
121.08953,31.74406,2017-12-09 01:22:00,10.2
121.093704,31.74161,2017-12-09 01:24:00,10.2
121.10513,31.73272,2017-12-09 01:30:00,10.1
121.11472,31.72344,2017-12-09 01:34:00,10.2
121.11881,31.71941,2017-12-09 01:36:00,10.3
121.12352,31.71461,2017-12-09 01:38:00,10.3
121.12826,31.70986,2017-12-09 01:40:00,10.2
121.13181,31.706806,2017-12-09 01:42:00,10.2
121.14379,31.69896,2017-12-09 01:46:00,10.4
121.14892,31.69594,2017-12-09 01:48:00,10.5
121.15669,31.691696,2017-12-09 01:50:00,10.4
121.16784,31.68622,2017-12-09 01:54:00,10.2
121.1741,31.68302,2017-12-09 01:56:00,10.2
121.17891,31.680553,2017-12-09 01:58:00,10.2
121.18616,31.676188,2017-12-09 02:02:00,10.2
121.19297,31.671328,2017-12-09 02:04:00,10.3
121.2,31.66644,2017-12-09 02:06:00,10.4
121.20731,31.66114,2017-12-09 02:08:00,10.4
121.21307,31.65726,2017-12-09 02:10:00,10.4
121.21844,31.65357,2017-12-09 02:12:00,10.3
121.22275,31.65049,2017-12-09 02:14:00,10.2
121.22778,31.6469,2017-12-09 02:18:00,10.1
121.23673,31.640146,2017-12-09 02:20:00,9.8
121.244774,31.634146,2017-12-09 02:24:00,9.6
121.25389,31.62687,2017-12-09 02:28:00,9.5
121.25828,31.62319,2017-12-09 02:30:00,9.4
121.26289,31.61904,2017-12-09 02:32:00,9.2
121.26709,31.6149,2017-12-09 02:34:00,9.1
121.264496,31.617453,2017-12-09 02:36:00,9.2
121.27538,31.607166,2017-12-09 02:40:00,8.7
121.28542,31.59694,2017-12-09 02:44:00,8.5
121.2916,31.58932,2017-12-09 02:48:00,8.5
121.2971,31.58248,2017-12-09 02:50:00,8.5
121.30017,31.57854,2017-12-09 02:52:00,8.4
121.30599,31.57118,2017-12-09 02:56:00,8.1
121.30807,31.56868,2017-12-09 02:58:00,8.0
121.31264,31.56298,2017-12-09 03:00:00,7.7
121.31577,31.55927,2017-12-09 03:02:00,7.5
121.31884,31.55564,2017-12-09 03:06:00,7.3
121.324265,31.549747,2017-12-09 03:10:00,7.2
121.3284,31.54713,2017-12-09 03:12:00,7.2
121.33325,31.544336,2017-12-09 03:14:00,7.2
121.34024,31.53959,2017-12-09 03:18:00,7.1
121.34495,31.53706,2017-12-09 03:20:00,7.2
121.35232,31.533274,2017-12-09 03:24:00,7.2
121.36182,31.52839,2017-12-09 03:28:00,7.2
121.36612,31.52611,2017-12-09 03:30:00,7.3
121.37466,31.52166,2017-12-09 03:34:00,7.2
121.37587,31.52084,2017-12-09 03:36:00,7.2
121.37985,31.517597,2017-12-09 03:40:00,7.2
121.386215,31.513947,2017-12-09 03:42:00,6.9
121.38973,31.511934,2017-12-09 03:44:00,7.2
121.39877,31.50795,2017-12-09 03:46:00,7.1
121.40313,31.50574,2017-12-09 03:50:00,7.2
121.402145,31.50626,2017-12-09 03:52:00,7.2
121.42165,31.495516,2017-12-09 04:00:00,6.9
121.42976,31.488913,2017-12-09 04:06:00,6.9
121.43548,31.48261,2017-12-09 04:08:00,6.9
121.44596,31.472353,2017-12-09 04:18:00,6.5
121.46948,31.44721,2017-12-09 04:34:00,6.2
121.65275,31.34835,2017-12-09 06:08:00,8.3
121.65848,31.34531,2017-12-09 06:10:00,8.3
121.66283,31.34334,2017-12-09 06:12:00,8.4
121.65726,31.345886,2017-12-09 06:14:00,8.3
121.66846,31.34072,2017-12-09 06:16:00,8.4
121.67296,31.338,2017-12-09 06:18:00,8.4
121.67464,31.33726,2017-12-09 06:20:00,8.5
121.68555,31.32795,2017-12-09 06:24:00,8.4
121.680016,31.33376,2017-12-09 06:26:00,8.3
121.69668,31.31676,2017-12-09 06:30:00,8.7
121.70103,31.31294,2017-12-09 06:32:00,8.8
121.70497,31.30928,2017-12-09 06:34:00,9.0
121.70395,31.31018,2017-12-09 06:36:00,8.9
121.71407,31.3016,2017-12-09 06:38:00,9.2
121.71905,31.29811,2017-12-09 06:40:00,9.2
121.72371,31.29423,2017-12-09 06:42:00,9.2
121.7252,31.293093,2017-12-09 06:46:00,9.2
121.732414,31.286407,2017-12-09 06:48:00,9.2
121.74017,31.27902,2017-12-09 06:50:00,9.4
121.74432,31.27508,2017-12-09 06:52:00,9.5
121.74998,31.26984,2017-12-09 06:56:00,9.5
121.74925,31.27053,2017-12-09 06:58:00,9.4
121.75846,31.26114,2017-12-09 07:00:00,9.3
121.75808,31.26154,2017-12-09 07:02:00,9.2
121.7704,31.24819,2017-12-09 07:06:00,9.3
121.76815,31.250614,2017-12-09 07:08:00,9.2
121.77244,31.24578,2017-12-09 07:12:00,9.2
121.78651,31.23122,2017-12-09 07:14:00,9.5
121.79464,31.223,2017-12-09 07:18:00,9.7
121.7989,31.21897,2017-12-09 07:20:00,9.7
121.80343,31.21455,2017-12-09 07:22:00,9.8
121.81331,31.20541,2017-12-09 07:26:00,10.0
121.81978,31.19919,2017-12-09 07:30:00,9.9
121.82734,31.1925,2017-12-09 07:34:00,10.1
121.83872,31.1823,2017-12-09 07:38:00,10.2
121.87793,31.15246,2017-12-09 07:54:00,10.7
121.89545,31.14122,2017-12-09 08:00:00,10.6
121.90656,31.13408,2017-12-09 08:04:00,10.5
121.91761,31.12711,2017-12-09 08:08:00,10.4
121.93732,31.116077,2017-12-09 08:16:00,10.1
121.94729,31.11038,2017-12-09 08:20:00,10.0
121.96269,31.10311,2017-12-09 08:26:00,9.5
121.97168,31.09954,2017-12-09 08:28:00,9.4
121.97907,31.09674,2017-12-09 08:30:00,9.1
121.98795,31.09292,2017-12-09 08:34:00,9.1
121.998184,31.088867,2017-12-09 08:38:00,9.1
122.01967,31.07969,2017-12-09 08:48:00,8.4
122.0255,31.07742,2017-12-09 08:50:00,8.4
122.05338,31.06982,2017-12-09 08:58:00,8.4
122.05647,31.06904,2017-12-09 09:02:00,8.8
122.06667,31.06634,2017-12-09 09:06:00,8.6
122.08883,31.05905,2017-12-09 09:12:00,8.6
122.09773,31.0563,2017-12-09 09:16:00,8.7
122.10731,31.05357,2017-12-09 09:20:00,8.9
122.11842,31.05082,2017-12-09 09:24:00,8.9
122.13383,31.04204,2017-12-09 09:30:00,8.5
122.13647,31.04041,2017-12-09 09:32:00,8.5
122.14747,31.03336,2017-12-09 09:36:00,8.2
122.15641,31.02836,2017-12-09 09:40:00,8.1
122.16399,31.02387,2017-12-09 09:44:00,7.9
122.17494,31.01151,2017-12-09 09:50:00,7.9
122.18029,31.00431,2017-12-09 09:54:00,7.9
122.18337,31.00041,2017-12-09 09:56:00,7.8
122.19019,30.99342,2017-12-09 10:00:00,7.6
122.19349,30.99028,2017-12-09 10:02:00,7.6
122.19648,30.98682,2017-12-09 10:04:00,7.6
122.19969,30.98265,2017-12-09 10:08:00,7.6
122.20531,30.97514,2017-12-09 10:10:00,7.9
122.20741,30.97115,2017-12-09 10:12:00,7.8
122.21096,30.96544,2017-12-09 10:16:00,7.6
122.21374,30.96108,2017-12-09 10:18:00,7.5
122.21706,30.95578,2017-12-09 10:20:00,7.8
122.21823,30.951,2017-12-09 10:22:00,8.2
122.22085,30.94366,2017-12-09 10:26:00,7.6
122.22306,30.94001,2017-12-09 10:28:00,7.4
122.22389,30.93837,2017-12-09 10:32:00,7.6
122.22778,30.93027,2017-12-09 10:34:00,7.2
122.23026,30.92637,2017-12-09 10:36:00,7.3
122.23356,30.91972,2017-12-09 10:38:00,7.4
122.23588,30.91494,2017-12-09 10:42:00,7.3
122.23851,30.91126,2017-12-09 10:44:00,7.1
122.24284,30.90499,2017-12-09 10:48:00,6.9
122.24541,30.90132,2017-12-09 10:50:00,7.3
122.24743,30.8972,2017-12-09 10:52:00,7.5
122.24908,30.8929,2017-12-09 10:54:00,7.4
122.25111,30.88878,2017-12-09 10:56:00,7.3
122.25324,30.88529,2017-12-09 10:58:00,7.1
122.25552,30.8819,2017-12-09 11:00:00,6.8
122.2582,30.87802,2017-12-09 11:02:00,7.2
122.26049,30.87453,2017-12-09 11:04:00,7.0
122.26128,30.87342,2017-12-09 11:06:00,7.1
122.26723,30.86434,2017-12-09 11:10:00,6.5
122.26981,30.86037,2017-12-09 11:12:00,7.2
122.27162,30.85667,2017-12-09 11:14:00,7.1
122.2738,30.85341,2017-12-09 11:16:00,6.7
122.27676,30.85016,2017-12-09 11:18:00,6.2
122.27937,30.84701,2017-12-09 11:22:00,6.6
122.28149,30.8436,2017-12-09 11:24:00,6.8
122.28365,30.83977,2017-12-09 11:26:00,6.8
122.28747,30.83389,2017-12-09 11:28:00,6.2
122.29017,30.82955,2017-12-09 11:32:00,6.7
122.29384,30.82474,2017-12-09 11:34:00,6.4
122.29637,30.82176,2017-12-09 11:38:00,6.1
122.29896,30.8183,2017-12-09 11:40:00,6.2
122.30117,30.81553,2017-12-09 11:42:00,5.4
122.30397,30.81362,2017-12-09 11:44:00,5.1
122.30659,30.81185,2017-12-09 11:46:00,5.4
122.3099,30.80849,2017-12-09 11:48:00,5.9
122.31349,30.80385,2017-12-09 11:52:00,5.9
122.31558,30.801,2017-12-09 11:54:00,5.9
122.31776,30.79815,2017-12-09 11:56:00,5.7
122.32014,30.79583,2017-12-09 11:58:00,5.4
122.32248,30.7936,2017-12-09 12:00:00,5.6
122.32414,30.79053,2017-12-09 12:02:00,6.6
122.32548,30.78615,2017-12-09 12:04:00,6.8
122.32639,30.78232,2017-12-09 12:06:00,7.0
122.32767,30.77832,2017-12-09 12:08:00,6.8
122.32888,30.77473,2017-12-09 12:10:00,6.4
122.33035,30.77138,2017-12-09 12:12:00,6.5
122.33216,30.76789,2017-12-09 12:14:00,6.6
122.333,30.76409,2017-12-09 12:16:00,6.7
122.33611,30.75911,2017-12-09 12:20:00,3.5
122.33755,30.75755,2017-12-09 12:22:00,2.9
122.33906,30.75633,2017-12-09 12:24:00,3.8
122.34087,30.75465,2017-12-09 12:26:00,4.4
122.34284,30.75374,2017-12-09 12:28:00,2.4
122.34299,30.75371,2017-12-09 12:34:00,0.8
122.34267,30.75408,2017-12-09 12:48:00,0.0
122.32191,30.794193,2017-12-09 13:04:00,5.3
122.32333,30.792418,2017-12-09 13:06:00,5.8
122.326065,30.783926,2017-12-09 13:10:00,6.9
122.32824,30.776476,2017-12-09 13:14:00,6.7
122.329544,30.773073,2017-12-09 13:16:00,6.5
122.333984,30.761168,2017-12-09 13:20:00,5.8
122.3366,30.758636,2017-12-09 13:22:00,3.3
122.33756,30.75755,2017-12-09 13:26:00,2.9
122.3382,30.757076,2017-12-09 13:28:00,2.9
122.34003,30.755314,2017-12-09 13:32:00,4.2
122.343704,30.75362,2017-12-09 13:36:00,0.4
122.34293,30.75416,2017-12-09 13:46:00,0.2
122.34304,30.7542,2017-12-09 13:58:00,0.3
122.34315,30.75415,2017-12-09 14:10:00,0.1
122.34313,30.75421,2017-12-09 14:24:00,0.0
122.34288,30.754213,2017-12-09 14:32:00,0.2
122.34299,30.75426,2017-12-09 14:48:00,0.1
122.34311,30.75422,2017-12-09 15:00:00,0.1
122.34315,30.754147,2017-12-09 15:12:00,0.0
122.34328,30.7541,2017-12-09 15:16:00,0.0
122.34313,30.754208,2017-12-09 15:28:00,0.0
122.34317,30.75419,2017-12-09 15:46:00,0.1
122.34317,30.75418,2017-12-09 16:00:00,0.0
122.34319,30.75425,2017-12-09 16:04:00,0.3
122.34328,30.75418,2017-12-09 16:18:00,0.0
122.34331,30.75419,2017-12-09 16:34:00,0.0
122.34338,30.7542,2017-12-09 16:46:00,0.0
122.34356,30.75419,2017-12-09 17:00:00,0.0
122.34197,30.75321,2017-12-09 17:14:00,3.2
122.33948,30.75236,2017-12-09 17:16:00,5.0
122.33603,30.75147,2017-12-09 17:18:00,5.9
122.33152,30.75047,2017-12-09 17:20:00,6.3
122.32756,30.74965,2017-12-09 17:22:00,6.3
122.32398,30.74811,2017-12-09 17:24:00,6.1
122.32037,30.74616,2017-12-09 17:26:00,6.2
122.31686,30.74456,2017-12-09 17:28:00,6.2
122.30983,30.74228,2017-12-09 17:32:00,6.2
122.30589,30.74016,2017-12-09 17:34:00,6.2
122.30213,30.73815,2017-12-09 17:38:00,6.3
122.2986,30.73644,2017-12-09 17:40:00,6.2
122.29522,30.73448,2017-12-09 17:42:00,6.2
122.29131,30.73262,2017-12-09 17:44:00,6.3
122.28773,30.73096,2017-12-09 17:46:00,6.4
122.28402,30.72938,2017-12-09 17:48:00,6.4
122.28037,30.72758,2017-12-09 17:50:00,6.3
122.277,30.72554,2017-12-09 17:52:00,6.4
122.27349,30.72276,2017-12-09 17:54:00,6.4
122.27044,30.72032,2017-12-09 17:56:00,6.3
122.26698,30.71826,2017-12-09 17:58:00,5.7
122.2636,30.71711,2017-12-09 18:00:00,5.7
122.26072,30.71465,2017-12-09 18:02:00,5.6
122.25787,30.71269,2017-12-09 18:04:00,5.8
122.25533,30.71031,2017-12-09 18:06:00,5.6
122.25278,30.70802,2017-12-09 18:08:00,5.7
122.24977,30.70564,2017-12-09 18:10:00,5.4
122.24686,30.70349,2017-12-09 18:12:00,5.5
122.24426,30.70129,2017-12-09 18:14:00,5.5
122.24167,30.69896,2017-12-09 18:16:00,5.6
122.23891,30.69658,2017-12-09 18:18:00,5.3
122.2363,30.69413,2017-12-09 18:20:00,5.5
122.23195,30.68967,2017-12-09 18:24:00,5.5
122.2294,30.68768,2017-12-09 18:26:00,5.6
122.22661,30.68586,2017-12-09 18:28:00,5.6
122.22407,30.68375,2017-12-09 18:30:00,5.5
122.2216,30.68095,2017-12-09 18:32:00,5.8
122.21844,30.67767,2017-12-09 18:36:00,5.6
122.21487,30.67585,2017-12-09 18:38:00,5.6
122.21149,30.6741,2017-12-09 18:40:00,5.6
122.20829,30.67216,2017-12-09 18:42:00,5.6
122.20541,30.67004,2017-12-09 18:44:00,5.6
122.20238,30.66815,2017-12-09 18:46:00,5.4
122.19933,30.66652,2017-12-09 18:48:00,5.5
122.1962,30.66447,2017-12-09 18:50:00,5.7
122.19238,30.661,2017-12-09 18:54:00,5.8
122.18995,30.65814,2017-12-09 18:56:00,5.9
122.18758,30.65507,2017-12-09 18:58:00,5.9
122.18551,30.65219,2017-12-09 19:00:00,6.1
122.18404,30.64892,2017-12-09 19:02:00,6.6
122.18269,30.64316,2017-12-09 19:04:00,6.7
122.18183,30.63883,2017-12-09 19:08:00,6.7
122.18062,30.63365,2017-12-09 19:10:00,6.6
122.17974,30.62998,2017-12-09 19:12:00,6.6
122.17874,30.62641,2017-12-09 19:14:00,6.4
122.17673,30.62104,2017-12-09 19:18:00,5.9
122.17521,30.61731,2017-12-09 19:20:00,6.3
122.17396,30.61384,2017-12-09 19:22:00,6.1
122.17203,30.61085,2017-12-09 19:24:00,6.0
122.16951,30.60825,2017-12-09 19:26:00,6.1
122.16584,30.60542,2017-12-09 19:28:00,6.5
122.16256,30.60309,2017-12-09 19:30:00,6.6
122.15865,30.60135,2017-12-09 19:32:00,6.2
122.15484,30.59947,2017-12-09 19:34:00,6.3
122.15144,30.59711,2017-12-09 19:36:00,6.3
122.14831,30.5947,2017-12-09 19:38:00,6.6
122.1405,30.58958,2017-12-09 19:42:00,8.0
122.13258,30.5846,2017-12-09 19:46:00,6.7
122.12688,30.58478,2017-12-09 19:52:00,4.0
122.12471,30.58595,2017-12-09 19:54:00,4.0
122.12015,30.58801,2017-12-09 19:58:00,4.1
122.11721,30.58943,2017-12-09 20:00:00,4.5
122.11489,30.59075,2017-12-09 20:02:00,4.3
122.11211,30.59221,2017-12-09 20:04:00,4.3
122.10973,30.59342,2017-12-09 20:06:00,4.4
122.10722,30.59452,2017-12-09 20:08:00,4.3
122.10252,30.59632,2017-12-09 20:12:00,4.2
122.09989,30.59711,2017-12-09 20:14:00,4.3
122.09631,30.598,2017-12-09 20:16:00,4.3
122.09349,30.59867,2017-12-09 20:18:00,4.7
122.0904,30.5992,2017-12-09 20:20:00,5.0
122.08672,30.5995,2017-12-09 20:22:00,4.8
122.08357,30.59953,2017-12-09 20:24:00,5.0
122.07829,30.60078,2017-12-09 20:28:00,5.8
122.07339,30.60225,2017-12-09 20:30:00,5.5
122.07,30.60313,2017-12-09 20:32:00,5.5
122.06597,30.60392,2017-12-09 20:34:00,5.3
122.05983,30.60447,2017-12-09 20:38:00,5.0
122.05537,30.60498,2017-12-09 20:42:00,4.9
122.04741,30.60939,2017-12-09 20:48:00,5.0
122.04416,30.61101,2017-12-09 20:50:00,5.0
122.04081,30.61256,2017-12-09 20:52:00,4.9
122.03503,30.61475,2017-12-09 20:56:00,4.8
122.03148,30.61569,2017-12-09 20:58:00,4.9
122.02341,30.61782,2017-12-09 21:04:00,3.8
122.02036,30.6181,2017-12-09 21:08:00,0.3
122.111534,30.59254,2017-12-09 21:30:00,4.2
122.09991,30.597113,2017-12-09 21:38:00,4.2
122.09402,30.598587,2017-12-09 21:40:00,4.7
122.08725,30.59948,2017-12-09 21:42:00,4.9
122.0825,30.599617,2017-12-09 21:50:00,5.1
122.073975,30.602213,2017-12-09 21:52:00,5.6
122.069374,30.603327,2017-12-09 21:54:00,5.4
122.06829,30.603586,2017-12-09 21:56:00,5.4
122.057175,30.6046,2017-12-09 22:04:00,4.7
122.04742,30.60939,2017-12-09 22:10:00,4.9
122.03503,30.614746,2017-12-09 22:18:00,4.7
122.023415,30.61782,2017-12-09 22:26:00,3.8
122.02064,30.617956,2017-12-09 22:32:00,0.8
122.02078,30.61851,2017-12-10 00:10:00,0.0
122.02052,30.61836,2017-12-10 01:08:00,0.0
122.0207,30.61847,2017-12-10 01:16:00,0.3
122.02067,30.61844,2017-12-10 01:34:00,0.1
122.02068,30.618467,2017-12-10 01:58:00,0.2
122.02067,30.618446,2017-12-10 02:08:00,0.0
122.02053,30.61843,2017-12-10 02:10:00,0.0
122.0203,30.61816,2017-12-10 02:34:00,0.0
122.02032,30.618166,2017-12-10 02:40:00,0.0
122.02049,30.618313,2017-12-10 03:10:00,0.0
122.0207,30.61838,2017-12-10 03:34:00,0.1
122.02149,30.61818,2017-12-10 03:52:00,0.1
122.02149,30.618174,2017-12-10 03:56:00,0.0
122.02176,30.618,2017-12-10 04:58:00,0.3
122.02159,30.61838,2017-12-10 05:16:00,0.1
122.02166,30.61819,2017-12-10 05:48:00,0.0
122.02167,30.618193,2017-12-10 06:06:00,0.0
122.02172,30.61798,2017-12-10 06:10:00,0.2
122.02165,30.61773,2017-12-10 07:44:00,0.0
122.02172,30.61787,2017-12-10 08:12:00,0.1
122.02166,30.61772,2017-12-10 09:18:00,0.1
122.02122,30.61732,2017-12-10 11:06:00,0.1
122.02121,30.61732,2017-12-10 11:10:00,0.0
122.02151,30.61739,2017-12-10 11:48:00,0.4
122.02015,30.61835,2017-12-10 12:10:00,0.0
122.02015,30.618347,2017-12-10 12:32:00,0.0
122.0207,30.61863,2017-12-10 12:46:00,0.0
122.020775,30.61862,2017-12-10 13:00:00,0.0
122.02068,30.618633,2017-12-10 13:20:00,0.0
122.02003,30.61732,2017-12-10 13:28:00,0.2
122.02003,30.617327,2017-12-10 14:22:00,0.2
122.01968,30.61827,2017-12-10 14:40:00,0.2
122.02024,30.61887,2017-12-10 15:18:00,0.1